time,level,spatial_ref,no2_conc,o3_conc,co_conc,no_conc,so2_conc
2022-01-01 00:00:00,0.0,0.0,3.6006804,52.70214,158.77083,0.03779089,1.2609731
2022-01-01 01:00:00,0.0,0.0,3.4382699,52.888874,157.89919,0.02376725,1.2290826
2022-01-01 02:00:00,0.0,0.0,3.2881806,53.006836,157.42606,0.017551754,1.2184862
2022-01-01 03:00:00,0.0,0.0,3.1715777,53.150036,157.0059,0.014171111,1.2137247
2022-01-01 04:00:00,0.0,0.0,3.0118604,53.324802,156.35101,0.014367497,1.2260629
2022-01-01 05:00:00,0.0,0.0,2.9174922,53.49258,156.4255,0.023119804,1.2474502
2022-01-01 06:00:00,0.0,0.0,2.8661172,53.656235,156.11809,0.05424944,1.2576256
2022-01-01 07:00:00,0.0,0.0,2.7882242,54.051228,156.0059,0.11292864,1.2666605
2022-01-01 08:00:00,0.0,0.0,2.6693559,54.578304,155.34824,0.20864809,1.273854
2022-01-01 09:00:00,0.0,0.0,2.5152254,55.31554,154.53459,0.32621184,1.2670732
2022-01-01 10:00:00,0.0,0.0,2.4101043,56.532806,154.02043,0.40518692,1.26713
2022-01-01 11:00:00,0.0,0.0,2.3855884,57.682076,153.31934,0.42818278,1.2702537
2022-01-01 12:00:00,0.0,0.0,2.4166524,58.72583,153.04007,0.39449123,1.2610785
2022-01-01 13:00:00,0.0,0.0,2.5082722,59.557205,152.77995,0.3341833,1.2593787
2022-01-01 14:00:00,0.0,0.0,2.6801646,60.045345,153.51099,0.25131434,1.2465365
2022-01-01 15:00:00,0.0,0.0,2.8975093,60.0801,154.82025,0.15657118,1.2461166
2022-01-01 16:00:00,0.0,0.0,3.132833,59.54668,156.78032,0.07901029,1.246518
2022-01-01 17:00:00,0.0,0.0,3.3437192,58.869053,158.83145,0.047607653,1.2572215
2022-01-01 18:00:00,0.0,0.0,3.4948096,58.20815,160.15913,0.04478066,1.2632618
2022-01-01 19:00:00,0.0,0.0,3.4893472,57.646233,161.07707,0.046564452,1.2718786
2022-01-01 20:00:00,0.0,0.0,3.4306645,57.266796,162.03697,0.046347596,1.2694116
2022-01-01 21:00:00,0.0,0.0,3.295734,57.04767,161.87578,0.043072756,1.251951
2022-01-01 22:00:00,0.0,0.0,3.1513503,56.814842,161.88347,0.037802417,1.2157574
2022-01-01 23:00:00,0.0,0.0,2.941946,56.701283,160.84021,0.030592803,1.179174
2022-01-02 00:00:00,0.0,0.0,2.823951,56.665688,158.75615,0.024678139,1.1627997
2022-01-02 01:00:00,0.0,0.0,2.6699858,56.631004,158.11899,0.020016171,1.1408815
2022-01-02 02:00:00,0.0,0.0,2.5342515,56.60296,157.39827,0.016649472,1.109616
2022-01-02 03:00:00,0.0,0.0,2.4018457,56.68353,156.69026,0.014627512,1.1080054
2022-01-02 04:00:00,0.0,0.0,2.3164845,56.655266,156.1318,0.014484067,1.1114498
2022-01-02 05:00:00,0.0,0.0,2.2998028,56.5875,155.62282,0.021360777,1.1355579
2022-01-02 06:00:00,0.0,0.0,2.322059,56.57309,155.9715,0.049547926,1.148529
2022-01-02 07:00:00,0.0,0.0,2.318657,56.807507,155.54356,0.10065105,1.1781613
2022-01-02 08:00:00,0.0,0.0,2.2768536,57.219376,155.02173,0.18149242,1.1740029
2022-01-02 09:00:00,0.0,0.0,2.1862252,57.90432,154.29427,0.2820238,1.1867119
2022-01-02 10:00:00,0.0,0.0,2.1182413,59.035736,153.26335,0.3379741,1.1795623
2022-01-02 11:00:00,0.0,0.0,2.1348476,60.06081,152.82242,0.34621418,1.1697725
2022-01-02 12:00:00,0.0,0.0,2.169192,61.007824,152.013,0.31948787,1.1613098
2022-01-02 13:00:00,0.0,0.0,2.2597773,61.75193,152.02289,0.27003038,1.1760345
2022-01-02 14:00:00,0.0,0.0,2.4330294,62.0581,152.72345,0.19830804,1.180445
2022-01-02 15:00:00,0.0,0.0,2.6700864,61.91574,154.09798,0.115218244,1.2006202
2022-01-02 16:00:00,0.0,0.0,2.908428,61.227257,156.22578,0.060397368,1.1982898
2022-01-02 17:00:00,0.0,0.0,3.1298018,60.43445,158.25795,0.034837384,1.2065827
2022-01-02 18:00:00,0.0,0.0,3.2580595,59.617992,159.72646,0.027732378,1.2105707
2022-01-02 19:00:00,0.0,0.0,3.2460868,58.97748,160.08882,0.027239252,1.2000649
2022-01-02 20:00:00,0.0,0.0,3.1669333,58.623634,160.21869,0.026586384,1.1903131
2022-01-02 21:00:00,0.0,0.0,3.034465,58.384117,159.84612,0.023818681,1.1667761
2022-01-02 22:00:00,0.0,0.0,2.6232798,58.29814,159.82407,0.020225398,1.1449575
2022-01-02 23:00:00,0.0,0.0,2.6894443,58.31383,158.53354,0.016786883,1.1201895
2022-01-03 00:00:00,0.0,0.0,2.532968,58.211266,159.41962,0.013255266,1.0967087
2022-01-03 01:00:00,0.0,0.0,2.3723252,58.21149,159.12251,0.010659617,1.0796843
2022-01-03 02:00:00,0.0,0.0,2.2545924,58.171055,158.5459,0.009373656,1.0700977
2022-01-03 03:00:00,0.0,0.0,2.1712344,58.16394,158.1444,0.009229263,1.0669563
2022-01-03 04:00:00,0.0,0.0,2.1474314,58.201477,157.84207,0.012128256,1.0906035
2022-01-03 05:00:00,0.0,0.0,2.2625682,58.06029,157.81285,0.024843913,1.1177784
2022-01-03 06:00:00,0.0,0.0,2.485098,57.854687,158.08324,0.06618847,1.1526493
2022-01-03 07:00:00,0.0,0.0,2.6870441,57.820747,158.41237,0.13802008,1.1669922
2022-01-03 08:00:00,0.0,0.0,2.7641702,58.042015,157.5211,0.23355803,1.1822692
2022-01-03 09:00:00,0.0,0.0,2.6804438,58.68528,157.01782,0.33708206,1.1817147
2022-01-03 10:00:00,0.0,0.0,2.286113,59.646416,156.29167,0.3892378,1.1904031
2022-01-03 11:00:00,0.0,0.0,2.4967499,60.636436,155.48279,0.39059925,1.1862291
2022-01-03 12:00:00,0.0,0.0,2.49231,61.631496,154.91225,0.35395688,1.1833196
2022-01-03 13:00:00,0.0,0.0,2.5598285,62.338394,154.7252,0.29475805,1.1775031
2022-01-03 14:00:00,0.0,0.0,2.790915,62.557713,155.7144,0.2205116,1.1947911
2022-01-03 15:00:00,0.0,0.0,3.1144483,62.34206,157.22601,0.14066721,1.2067975
2022-01-03 16:00:00,0.0,0.0,3.4486601,61.682777,158.94714,0.08984751,1.2239702
2022-01-03 17:00:00,0.0,0.0,3.718688,61.000046,161.24188,0.0565647,1.2517701
2022-01-03 18:00:00,0.0,0.0,3.820489,60.175373,162.52267,0.04461063,1.281478
2022-01-03 19:00:00,0.0,0.0,3.78186,59.533073,163.34549,0.041455425,1.294244
2022-01-03 20:00:00,0.0,0.0,3.6335213,59.259884,163.81537,0.03655463,1.3095757
2022-01-03 21:00:00,0.0,0.0,3.454684,59.088818,163.93515,0.03074348,1.2888904
2022-01-03 22:00:00,0.0,0.0,3.2656949,58.82686,163.55948,0.025475968,1.2572103
2022-01-03 23:00:00,0.0,0.0,3.0572264,58.71534,162.6987,0.02034053,1.2247791
2022-01-04 00:00:00,0.0,0.0,2.8382232,58.679573,161.73228,0.015426713,1.1965675
2022-01-04 01:00:00,0.0,0.0,2.6369376,58.684273,160.99603,0.0121042915,1.1743299
2022-01-04 02:00:00,0.0,0.0,2.5197332,58.681007,159.95921,0.01040332,1.1563495
2022-01-04 03:00:00,0.0,0.0,2.4288256,58.64857,159.59232,0.01002208,1.1517488
2022-01-04 04:00:00,0.0,0.0,2.4151142,58.58734,159.78925,0.014377865,1.1642015
2022-01-04 05:00:00,0.0,0.0,2.5185926,58.4372,160.34077,0.030769369,1.1949964
2022-01-04 06:00:00,0.0,0.0,2.7944553,58.20924,161.05879,0.0774131,1.227694
2022-01-04 07:00:00,0.0,0.0,3.04624,58.183777,161.4443,0.15322362,1.2642093
2022-01-04 08:00:00,0.0,0.0,3.1767366,58.45545,161.22844,0.25470915,1.2962458
2022-01-04 09:00:00,0.0,0.0,3.0708601,59.170315,160.30275,0.3508854,1.3105845
2022-01-04 10:00:00,0.0,0.0,2.9041483,60.2663,159.5174,0.3903487,1.3078467
2022-01-04 11:00:00,0.0,0.0,2.8143728,61.309498,158.63065,0.3844263,1.2996556
2022-01-04 12:00:00,0.0,0.0,2.8010223,62.30234,158.31262,0.34424406,1.2918321
2022-01-04 13:00:00,0.0,0.0,2.9118543,62.845795,158.41853,0.281844,1.283588
2022-01-04 14:00:00,0.0,0.0,3.120408,62.965843,159.26762,0.20267239,1.2865442
2022-01-04 15:00:00,0.0,0.0,3.393444,62.666027,160.54753,0.12962438,1.3052673
2022-01-04 16:00:00,0.0,0.0,3.650645,62.114307,162.42473,0.08687069,1.3160487
2022-01-04 17:00:00,0.0,0.0,3.8124208,61.59456,164.37572,0.06297425,1.3379321
2022-01-04 18:00:00,0.0,0.0,3.808892,61.172714,165.63535,0.055050034,1.3529866
2022-01-04 19:00:00,0.0,0.0,3.683418,60.9858,166.14099,0.048735872,1.3567195
2022-01-04 20:00:00,0.0,0.0,3.4916565,60.939938,165.985,0.042574257,1.3508345
2022-01-04 21:00:00,0.0,0.0,3.2617233,61.01657,165.65367,0.035634488,1.3271682
2022-01-04 22:00:00,0.0,0.0,3.0429885,61.092842,164.55507,0.028986556,1.291126
2022-01-04 23:00:00,0.0,0.0,2.8268154,61.138565,163.46242,0.023474101,1.259959
2022-01-05 00:00:00,0.0,0.0,2.6155012,61.178795,162.24179,0.018964892,1.2257549
2022-01-05 01:00:00,0.0,0.0,2.424575,61.1606,161.08272,0.014753858,1.196124
2022-01-05 02:00:00,0.0,0.0,2.302205,61.120937,160.28944,0.012977209,1.18209
2022-01-05 03:00:00,0.0,0.0,2.2151518,61.13219,159.8323,0.011990504,1.1765176
2022-01-05 04:00:00,0.0,0.0,2.2180192,61.016716,159.74673,0.014380695,1.1845176
2022-01-05 05:00:00,0.0,0.0,2.3312614,60.843727,160.04944,0.029439988,1.2109637
2022-01-05 06:00:00,0.0,0.0,2.5279229,60.588665,160.74107,0.07153728,1.2422256
2022-01-05 07:00:00,0.0,0.0,2.7826464,60.50707,160.58423,0.14053866,1.2635376
2022-01-05 08:00:00,0.0,0.0,2.8923328,60.653797,159.91368,0.21076475,1.2783433
2022-01-05 09:00:00,0.0,0.0,2.8150003,61.29426,159.12366,0.280282,1.2794542
2022-01-05 10:00:00,0.0,0.0,2.6401927,62.33755,158.16632,0.31628016,1.2668968
2022-01-05 11:00:00,0.0,0.0,2.529685,63.315605,156.9984,0.31717455,1.2495131
2022-01-05 12:00:00,0.0,0.0,2.4971735,64.17295,156.55696,0.286157,1.238727
2022-01-05 13:00:00,0.0,0.0,2.5515435,64.82334,156.47302,0.23451746,1.2216101
2022-01-05 14:00:00,0.0,0.0,2.750383,65.06753,157.15472,0.16218434,1.2163059
2022-01-05 15:00:00,0.0,0.0,3.015373,64.79599,158.33304,0.0894139,1.2163049
2022-01-05 16:00:00,0.0,0.0,3.2797866,64.07863,160.05458,0.050334793,1.209361
2022-01-05 17:00:00,0.0,0.0,3.4820578,63.29925,161.70029,0.034056958,1.2189325
2022-01-05 18:00:00,0.0,0.0,3.5745003,62.625965,162.60637,0.028930426,1.2265153
2022-01-05 19:00:00,0.0,0.0,3.5127714,62.203934,162.63196,0.026021415,1.2296942
2022-01-05 20:00:00,0.0,0.0,3.374112,61.948475,163.16481,0.021688761,1.2197795
2022-01-05 21:00:00,0.0,0.0,3.173078,61.856056,162.76996,0.01765209,1.1961346
2022-01-05 22:00:00,0.0,0.0,2.9815292,62.469604,161.9178,0.014174513,1.1684762
2022-01-05 23:00:00,0.0,0.0,2.7667658,61.74592,160.70518,0.011118394,1.1325485
2022-01-06 00:00:00,0.0,0.0,2.5736763,61.63022,159.78082,0.008560673,1.0992217
2022-01-06 01:00:00,0.0,0.0,2.3989973,61.54566,159.03873,0.0073900903,1.0678526
2022-01-06 02:00:00,0.0,0.0,2.2725143,61.54853,158.0494,0.007035132,1.042707
2022-01-06 03:00:00,0.0,0.0,2.193075,61.580906,157.41702,0.007271716,1.0328383
2022-01-06 04:00:00,0.0,0.0,2.2187572,61.417328,157.49037,0.010619001,1.033245
2022-01-06 05:00:00,0.0,0.0,2.3377259,61.16212,158.39409,0.027082006,1.053607
2022-01-06 06:00:00,0.0,0.0,2.565428,60.82198,159.21727,0.07528,1.0811901
2022-01-06 07:00:00,0.0,0.0,2.8180742,60.67236,159.60478,0.15063429,1.1044716
2022-01-06 08:00:00,0.0,0.0,2.9691474,60.809204,159.18443,0.23556645,1.1180637
2022-01-06 09:00:00,0.0,0.0,2.915184,61.45536,158.35591,0.3497996,1.1211567
2022-01-06 10:00:00,0.0,0.0,2.6570604,62.672558,157.2984,0.40676212,1.1211227
2022-01-06 11:00:00,0.0,0.0,2.5188322,63.738934,156.29092,0.38576058,1.1144654
2022-01-06 12:00:00,0.0,0.0,2.4416575,64.675285,155.76892,0.33521163,1.1077259
2022-01-06 13:00:00,0.0,0.0,2.4742866,65.38501,155.72775,0.26750517,1.0951552
2022-01-06 14:00:00,0.0,0.0,2.6593623,65.57215,156.31412,0.17972152,1.0973603
2022-01-06 15:00:00,0.0,0.0,2.946402,65.31364,157.99432,0.09808921,1.1054525
2022-01-06 16:00:00,0.0,0.0,3.2594378,64.546585,160.34116,0.05563083,1.1025449
2022-01-06 17:00:00,0.0,0.0,3.5618732,63.604122,162.6592,0.04032618,1.1137259
2022-01-06 18:00:00,0.0,0.0,3.7006297,62.91321,164.30318,0.034690894,1.132816
2022-01-06 19:00:00,0.0,0.0,3.3667881,62.397797,165.36264,0.031119287,1.1365496
2022-01-06 20:00:00,0.0,0.0,3.5343935,62.086464,165.65321,0.027744826,1.14078
2022-01-06 21:00:00,0.0,0.0,3.3526664,61.932182,165.92128,0.023788253,1.1264961
2022-01-06 22:00:00,0.0,0.0,3.1608272,61.900352,165.43892,0.018942302,1.100809
2022-01-06 23:00:00,0.0,0.0,2.9215658,61.898293,164.35301,0.014036262,1.0706347
2022-01-07 00:00:00,0.0,0.0,2.70725,61.873585,163.22607,0.010917638,1.0429696
2022-01-07 01:00:00,0.0,0.0,2.5204597,61.86532,162.07144,0.008536484,1.032121
2022-01-07 02:00:00,0.0,0.0,2.423328,61.861954,161.42892,0.007783313,1.0337962
2022-01-07 03:00:00,0.0,0.0,2.3365018,61.87513,160.9336,0.0076939007,1.0431317
2022-01-07 04:00:00,0.0,0.0,2.3293576,61.827,160.48297,0.010246629,1.0669708
2022-01-07 05:00:00,0.0,0.0,2.430783,61.66957,160.96129,0.02419958,1.098779
2022-01-07 06:00:00,0.0,0.0,2.644828,61.476925,161.81046,0.068011336,1.1359034
2022-01-07 07:00:00,0.0,0.0,2.8949034,61.4837,162.14081,0.1450814,1.1745237
2022-01-07 08:00:00,0.0,0.0,2.9846544,61.91002,161.4595,0.2501208,1.2018868
2022-01-07 09:00:00,0.0,0.0,2.8150337,62.78347,159.85303,0.3536493,1.2112659
2022-01-07 10:00:00,0.0,0.0,2.587857,64.058105,158.44937,0.39458582,1.2025343
2022-01-07 11:00:00,0.0,0.0,2.4463854,65.22081,157.52357,0.3849493,1.1942372
2022-01-07 12:00:00,0.0,0.0,2.431502,66.22397,156.85837,0.33877796,1.1893373
2022-01-07 13:00:00,0.0,0.0,2.51956,66.86632,156.97256,0.27126265,1.181352
2022-01-07 14:00:00,0.0,0.0,2.7394154,67.14258,157.93753,0.18440029,1.1924257
2022-01-07 15:00:00,0.0,0.0,3.0554981,66.88337,159.53673,0.099373594,1.2170073
2022-01-07 16:00:00,0.0,0.0,3.4083722,66.17576,161.67397,0.053087357,1.2296642
2022-01-07 17:00:00,0.0,0.0,3.6720073,65.43986,164.25534,0.03421021,1.2543968
2022-01-07 18:00:00,0.0,0.0,3.7659714,64.74362,166.3429,0.029040372,1.2839345
2022-01-07 19:00:00,0.0,0.0,3.7252924,64.23676,167.7098,0.027823405,1.3056306
2022-01-07 20:00:00,0.0,0.0,3.5929663,63.98834,168.3959,0.026539195,1.3183335
2022-01-07 21:00:00,0.0,0.0,3.4227254,63.837128,168.64471,0.024473742,1.3147058
2022-01-07 22:00:00,0.0,0.0,3.2375562,63.733906,168.1047,0.021259107,1.294926
2022-01-07 23:00:00,0.0,0.0,3.0470917,63.620087,167.28836,0.017979411,1.2676454
2022-01-08 00:00:00,0.0,0.0,2.8607004,63.49228,166.52287,0.015265167,1.2478714
2022-01-08 01:00:00,0.0,0.0,2.7058241,63.322838,166.00159,0.013118002,1.2311647
2022-01-08 02:00:00,0.0,0.0,2.561941,63.175972,165.50081,0.011695143,1.2236805
2022-01-08 03:00:00,0.0,0.0,2.459828,63.138073,164.61037,0.0110561075,1.2159802
2022-01-08 04:00:00,0.0,0.0,2.4172091,62.952423,164.90501,0.01160903,1.2409686
2022-01-08 05:00:00,0.0,0.0,2.45575,62.87533,164.96324,0.02176163,1.2689847
2022-01-08 06:00:00,0.0,0.0,2.514568,62.731632,165.61511,0.05748274,1.2968789
2022-01-08 07:00:00,0.0,0.0,2.5968156,62.776035,165.6932,0.11795208,1.3332776
2022-01-08 08:00:00,0.0,0.0,2.634247,63.187366,165.66139,0.20285806,1.3642236
2022-01-08 09:00:00,0.0,0.0,2.5864341,63.83028,165.22803,0.29785228,1.3829741
2022-01-08 10:00:00,0.0,0.0,2.4898794,64.83948,164.05054,0.35125694,1.3923231
2022-01-08 11:00:00,0.0,0.0,2.450443,65.79199,163.33324,0.3528962,1.3825057
2022-01-08 12:00:00,0.0,0.0,2.4720964,66.579575,162.4877,0.31576523,1.369538
2022-01-08 13:00:00,0.0,0.0,2.5679047,67.17551,162.35251,0.25372145,1.3589777
2022-01-08 14:00:00,0.0,0.0,2.7531662,67.366554,163.54657,0.1723165,1.3637059
2022-01-08 15:00:00,0.0,0.0,2.9555004,67.227905,164.78801,0.09180384,1.3774227
2022-01-08 16:00:00,0.0,0.0,3.164838,66.76179,166.51888,0.04610082,1.3868191
2022-01-08 17:00:00,0.0,0.0,3.3630786,66.18807,169.24968,0.029904878,1.4134105
2022-01-08 18:00:00,0.0,0.0,3.4568536,65.46964,170.66371,0.026225142,1.453219
2022-01-08 19:00:00,0.0,0.0,3.4420807,64.8648,172.37115,0.028483195,1.4715286
2022-01-08 20:00:00,0.0,0.0,3.3312898,64.49543,172.88719,0.029794281,1.4869908
2022-01-08 21:00:00,0.0,0.0,3.2037766,64.24068,173.07767,0.028597217,1.4596283
2022-01-08 22:00:00,0.0,0.0,3.0484762,64.09618,172.25983,0.025402162,1.4344833
2022-01-08 23:00:00,0.0,0.0,2.8889909,63.915047,171.314,0.02053512,1.4124002
2022-01-09 00:00:00,0.0,0.0,2.711655,63.665714,170.07463,0.016741762,1.3793337
2022-01-09 01:00:00,0.0,0.0,2.564468,63.521782,169.17058,0.01410654,1.3409541
2022-01-09 02:00:00,0.0,0.0,2.4330533,63.289852,168.57298,0.011397629,1.314817
2022-01-09 03:00:00,0.0,0.0,2.3225048,63.16344,167.23453,0.009759415,1.3007663
2022-01-09 04:00:00,0.0,0.0,2.263595,63.027767,166.67462,0.010583186,1.2942259
2022-01-09 05:00:00,0.0,0.0,2.2627282,62.865723,166.87851,0.020670341,1.308744
2022-01-09 06:00:00,0.0,0.0,2.282779,62.71579,166.77037,0.05158352,1.3261867
2022-01-09 07:00:00,0.0,0.0,2.318405,62.69461,166.72427,0.09491053,1.3593373
2022-01-09 08:00:00,0.0,0.0,2.3091242,62.78975,166.04556,0.16842023,1.369262
2022-01-09 09:00:00,0.0,0.0,2.280888,63.15775,164.97829,0.24402554,1.3642576
2022-01-09 10:00:00,0.0,0.0,2.2569501,63.91628,163.826,0.28954697,1.3693261
2022-01-09 11:00:00,0.0,0.0,2.2420456,64.72511,162.91612,0.2964809,1.354709
2022-01-09 12:00:00,0.0,0.0,2.2776818,65.30805,162.39395,0.27200198,1.337804
2022-01-09 13:00:00,0.0,0.0,2.370094,65.7432,162.11942,0.22485024,1.3113186
2022-01-09 14:00:00,0.0,0.0,2.5539258,65.7218,163.31082,0.15438385,1.3069086
2022-01-09 15:00:00,0.0,0.0,2.8085437,65.32392,164.77925,0.0801388,1.3048569
2022-01-09 16:00:00,0.0,0.0,3.08786,64.50419,166.76747,0.044000722,1.3064145
2022-01-09 17:00:00,0.0,0.0,3.3425868,63.60486,169.4808,0.029914059,1.3042215
2022-01-09 18:00:00,0.0,0.0,3.4868026,62.888264,171.67963,0.025812378,1.3069417
2022-01-09 19:00:00,0.0,0.0,3.531655,62.24782,173.43204,0.025575764,1.304015
2022-01-09 20:00:00,0.0,0.0,3.510221,61.745815,174.24268,0.02440925,1.2824855
2022-01-09 21:00:00,0.0,0.0,3.456273,61.340233,174.5606,0.022029147,1.2632886
2022-01-09 22:00:00,0.0,0.0,3.3292818,61.04603,174.32852,0.018444382,1.2395362
2022-01-09 23:00:00,0.0,0.0,3.1623683,60.856777,173.3449,0.015651977,1.2059703
2022-01-10 00:00:00,0.0,0.0,3.0049171,60.661804,172.38544,0.0134422835,1.1757082
2022-01-10 01:00:00,0.0,0.0,2.8514683,60.47873,171.36198,0.013210483,1.1445247
2022-01-10 02:00:00,0.0,0.0,2.7212887,60.2693,170.5396,0.013531618,1.1259769
2022-01-10 03:00:00,0.0,0.0,2.6200695,60.17268,168.82837,0.014268956,1.1051656
2022-01-10 04:00:00,0.0,0.0,2.6192322,59.987686,168.53206,0.017669054,1.1078931
2022-01-10 05:00:00,0.0,0.0,2.8029797,59.736267,168.72517,0.029435985,1.123995
2022-01-10 06:00:00,0.0,0.0,3.1245124,59.483116,169.63329,0.06725658,1.157527
2022-01-10 07:00:00,0.0,0.0,3.4786997,59.34938,170.27383,0.13723934,1.1806571
2022-01-10 08:00:00,0.0,0.0,3.672022,59.36152,170.48431,0.25296706,1.1966991
2022-01-10 09:00:00,0.0,0.0,3.5697246,59.830524,169.89798,0.394331,1.2029961
2022-01-10 10:00:00,0.0,0.0,3.369021,60.69678,168.51465,0.4745659,1.2045401
2022-01-10 11:00:00,0.0,0.0,3.239121,61.595654,167.66042,0.4863763,1.2022574
2022-01-10 12:00:00,0.0,0.0,3.2014115,62.36179,167.06013,0.45293728,1.1914359
2022-01-10 13:00:00,0.0,0.0,3.2942455,62.85527,166.91664,0.3907997,1.1776291
2022-01-10 14:00:00,0.0,0.0,3.519401,62.983307,167.32524,0.29790306,1.1697032
2022-01-10 15:00:00,0.0,0.0,3.8461442,62.67151,168.85805,0.1817254,1.1714517
2022-01-10 16:00:00,0.0,0.0,4.166984,62.11498,170.78711,0.10619542,1.1707796
2022-01-10 17:00:00,0.0,0.0,4.35212,61.51407,172.97751,0.08401489,1.1825956
2022-01-10 18:00:00,0.0,0.0,4.3276377,61.061516,174.84537,0.074263655,1.2006953
2022-01-10 19:00:00,0.0,0.0,4.2578225,60.803204,175.59467,0.06328335,1.210067
2022-01-10 20:00:00,0.0,0.0,4.098928,60.654224,176.0759,0.051912874,1.204658
2022-01-10 21:00:00,0.0,0.0,3.9066262,60.47674,176.44368,0.04315208,1.1887661
2022-01-10 22:00:00,0.0,0.0,3.685649,60.37298,176.1337,0.033786483,1.1573404
2022-01-10 23:00:00,0.0,0.0,3.4497573,60.342747,175.37422,0.023691751,1.1335601
2022-01-11 00:00:00,0.0,0.0,3.2360437,60.275917,174.52895,0.017213942,1.1153982
2022-01-11 01:00:00,0.0,0.0,3.0126703,60.328857,173.46507,0.01316417,1.1097186
2022-01-11 02:00:00,0.0,0.0,2.867006,60.28322,172.6378,0.0106564155,1.1132601
2022-01-11 03:00:00,0.0,0.0,2.7635658,60.239246,171.99211,0.009680006,1.1185443
2022-01-11 04:00:00,0.0,0.0,2.7500775,60.166504,171.75659,0.011671615,1.133617
2022-01-11 05:00:00,0.0,0.0,2.8783514,60.01662,172.04633,0.021560209,1.1572059
2022-01-11 06:00:00,0.0,0.0,3.1443186,59.79636,172.6686,0.05748891,1.1880194
2022-01-11 07:00:00,0.0,0.0,3.4782207,59.61068,173.14911,0.12655318,1.2209096
2022-01-11 08:00:00,0.0,0.0,3.651755,59.67306,173.37605,0.2523391,1.2437559
2022-01-11 09:00:00,0.0,0.0,3.5660946,60.184128,172.7968,0.40575358,1.248563
2022-01-11 10:00:00,0.0,0.0,3.3399096,61.15366,171.32164,0.5049853,1.2428869
2022-01-11 11:00:00,0.0,0.0,3.2021568,62.123196,170.54349,0.5251363,1.2240711
2022-01-11 12:00:00,0.0,0.0,3.1708107,63.036182,169.82947,0.492197,1.2123474
2022-01-11 13:00:00,0.0,0.0,3.2797818,63.626102,169.72716,0.42262262,1.199537
2022-01-11 14:00:00,0.0,0.0,3.5253172,63.935783,170.60216,0.32160875,1.1978898
2022-01-11 15:00:00,0.0,0.0,3.8593347,63.73238,171.98674,0.20175873,1.2057264
2022-01-11 16:00:00,0.0,0.0,4.2613387,63.013695,174.44,0.11605162,1.2017688
2022-01-11 17:00:00,0.0,0.0,4.5684423,62.136517,177.05168,0.08388367,1.2143149
2022-01-11 18:00:00,0.0,0.0,4.6930156,61.346123,179.35765,0.07533914,1.2331316
2022-01-11 19:00:00,0.0,0.0,4.619189,60.84266,180.57721,0.06771614,1.24871
2022-01-11 20:00:00,0.0,0.0,4.4342885,60.58716,181.34021,0.058527544,1.2480266
2022-01-11 21:00:00,0.0,0.0,4.22004,60.395905,180.98965,0.04918559,1.2499799
2022-01-11 22:00:00,0.0,0.0,4.0025463,60.332565,180.69922,0.039733253,1.2296685
2022-01-11 23:00:00,0.0,0.0,3.7746208,60.240334,179.65897,0.02971137,1.2043412
2022-01-12 00:00:00,0.0,0.0,3.5490754,60.16614,178.58607,0.0224972,1.1790789
2022-01-12 01:00:00,0.0,0.0,3.350472,60.026855,177.81052,0.018915728,1.1660823
2022-01-12 02:00:00,0.0,0.0,3.2028143,59.88466,176.94635,0.017744092,1.1661853
2022-01-12 03:00:00,0.0,0.0,3.1051989,59.72677,175.84222,0.017668571,1.1564695
2022-01-12 04:00:00,0.0,0.0,3.0842757,59.554802,175.58395,0.019421497,1.164058
2022-01-12 05:00:00,0.0,0.0,3.2003174,59.42272,175.64192,0.032483675,1.1891049
2022-01-12 06:00:00,0.0,0.0,3.4581637,59.20403,175.85162,0.07530561,1.2237626
2022-01-12 07:00:00,0.0,0.0,3.7902663,59.03415,176.97609,0.16504943,1.2620116
2022-01-12 08:00:00,0.0,0.0,3.914693,59.234116,176.81548,0.3265975,1.2874473
2022-01-12 09:00:00,0.0,0.0,3.7491083,59.836872,175.48427,0.518462,1.2992579
2022-01-12 10:00:00,0.0,0.0,3.5113657,61.084484,174.18343,0.6266395,1.2935723
2022-01-12 11:00:00,0.0,0.0,3.3359575,62.230083,172.74573,0.6388258,1.2813824
2022-01-12 12:00:00,0.0,0.0,3.2962632,63.226265,171.4604,0.58939207,1.2779573
2022-01-12 13:00:00,0.0,0.0,3.3775444,64.01028,170.87296,0.49901104,1.2703646
2022-01-12 14:00:00,0.0,0.0,3.6252913,64.29239,171.17467,0.3852283,1.2718172
2022-01-12 15:00:00,0.0,0.0,4.000472,64.06672,172.64929,0.2576856,1.2803862
2022-01-12 16:00:00,0.0,0.0,4.464432,63.38148,174.93213,0.15941082,1.2953821
2022-01-12 17:00:00,0.0,0.0,4.835347,62.419285,177.56348,0.120245814,1.3170427
2022-01-12 18:00:00,0.0,0.0,4.987089,61.633522,179.82652,0.11776588,1.3442321
2022-01-12 19:00:00,0.0,0.0,4.9270215,61.048035,181.45122,0.117487974,1.363012
2022-01-12 20:00:00,0.0,0.0,4.7658772,60.786755,182.03888,0.10800011,1.3690436
2022-01-12 21:00:00,0.0,0.0,4.532288,60.63351,181.72273,0.09591248,1.3702359
2022-01-12 22:00:00,0.0,0.0,4.293678,60.595795,181.07774,0.08058324,1.3592976
2022-01-12 23:00:00,0.0,0.0,4.0598845,60.51255,179.57428,0.06450466,1.3370405
2022-01-13 00:00:00,0.0,0.0,3.819159,60.408245,178.21085,0.050929263,1.305185
2022-01-13 01:00:00,0.0,0.0,3.5987878,60.392048,176.65976,0.038490403,1.2926118
2022-01-13 02:00:00,0.0,0.0,3.4263396,60.38849,175.55528,0.031708345,1.2828335
2022-01-13 03:00:00,0.0,0.0,3.2974048,60.302994,174.57152,0.027859135,1.2693359
2022-01-13 04:00:00,0.0,0.0,3.2667189,60.254284,173.78697,0.028285861,1.272121
2022-01-13 05:00:00,0.0,0.0,3.3609192,60.064217,173.95052,0.039402194,1.3016192
2022-01-13 06:00:00,0.0,0.0,3.5733776,59.871918,174.2091,0.083357684,1.3367463
2022-01-13 07:00:00,0.0,0.0,3.835759,59.84548,174.50885,0.19588514,1.3644339
2022-01-13 08:00:00,0.0,0.0,3.899643,60.126987,173.84717,0.37854058,1.3839768
2022-01-13 09:00:00,0.0,0.0,3.685667,60.909294,172.523,0.5878296,1.3794845
2022-01-13 10:00:00,0.0,0.0,3.431962,62.190403,171.37512,0.7097131,1.3737838
2022-01-13 11:00:00,0.0,0.0,3.2903116,63.365734,170.07957,0.72453743,1.3536807
2022-01-13 12:00:00,0.0,0.0,3.2526207,64.40455,169.25386,0.68444633,1.3355455
2022-01-13 13:00:00,0.0,0.0,3.3544996,65.23982,168.75237,0.58629036,1.3212975
2022-01-13 14:00:00,0.0,0.0,3.5919209,65.62391,168.74959,0.467673,1.3071684
2022-01-13 15:00:00,0.0,0.0,3.9339223,65.56522,169.7299,0.3239599,1.3042873
2022-01-13 16:00:00,0.0,0.0,4.373366,64.97301,171.7894,0.1833352,1.2996683
2022-01-13 17:00:00,0.0,0.0,4.735196,64.21857,174.513,0.1258687,1.3040173
2022-01-13 18:00:00,0.0,0.0,4.852294,63.407715,176.41101,0.1268118,1.3024366
2022-01-13 19:00:00,0.0,0.0,4.7845454,62.987476,177.81297,0.12996446,1.3042473
2022-01-13 20:00:00,0.0,0.0,4.6101513,62.7376,178.39331,0.123279415,1.2962675
2022-01-13 21:00:00,0.0,0.0,4.3748455,62.691578,178.33948,0.115297794,1.269514
2022-01-13 22:00:00,0.0,0.0,4.1184464,62.62798,177.89485,0.103964396,1.2384223
2022-01-13 23:00:00,0.0,0.0,3.8390243,62.58596,176.44017,0.08800538,1.2025123
2022-01-14 00:00:00,0.0,0.0,3.583435,62.665855,174.9676,0.069947235,1.1703693
2022-01-14 01:00:00,0.0,0.0,3.35593,62.70779,173.80115,0.059254516,1.1610469
2022-01-14 02:00:00,0.0,0.0,3.1663983,62.56883,172.9652,0.05228664,1.1387603
2022-01-14 03:00:00,0.0,0.0,3.021393,62.582108,172.14522,0.04742542,1.11661
2022-01-14 04:00:00,0.0,0.0,2.9582915,62.432964,171.64522,0.04447271,1.1165229
2022-01-14 05:00:00,0.0,0.0,3.0254145,62.273006,171.61253,0.050462853,1.1286006
2022-01-14 06:00:00,0.0,0.0,3.2494357,62.01749,172.2531,0.0892571,1.1498932
2022-01-14 07:00:00,0.0,0.0,3.5381315,61.891518,172.07553,0.18359953,1.1755261
2022-01-14 08:00:00,0.0,0.0,3.694216,62.05406,172.075,0.37157407,1.179531
2022-01-14 09:00:00,0.0,0.0,3.5279813,62.695156,170.92178,0.62247217,1.1697911
2022-01-14 10:00:00,0.0,0.0,3.2990983,63.787033,169.70517,0.77501124,1.1583519
2022-01-14 11:00:00,0.0,0.0,3.128898,64.876656,168.188,0.80828136,1.1308275
2022-01-14 12:00:00,0.0,0.0,3.0407288,65.83877,167.02522,0.7756438,1.1130632
2022-01-14 13:00:00,0.0,0.0,3.1262465,66.60621,166.84178,0.69632286,1.1074935
2022-01-14 14:00:00,0.0,0.0,3.3453808,66.93529,166.87675,0.5807102,1.1131955
2022-01-14 15:00:00,0.0,0.0,3.7185693,66.70629,167.86139,0.4222923,1.1194615
2022-01-14 16:00:00,0.0,0.0,4.199756,65.91075,170.16566,0.2613856,1.1283847
2022-01-14 17:00:00,0.0,0.0,4.6155415,64.839874,172.86746,0.19576003,1.1485214
2022-01-14 18:00:00,0.0,0.0,4.7927446,63.838177,174.5885,0.21157151,1.1746489
2022-01-14 19:00:00,0.0,0.0,4.7588916,63.11083,175.74153,0.22398868,1.1964384
2022-01-14 20:00:00,0.0,0.0,4.6024704,62.678604,176.32468,0.21801603,1.1987091
2022-01-14 21:00:00,0.0,0.0,4.3622575,62.439674,176.16957,0.20396982,1.1877565
2022-01-14 22:00:00,0.0,0.0,4.101546,62.26606,175.84358,0.18572938,1.1586944
2022-01-14 23:00:00,0.0,0.0,3.8367283,62.175034,174.4203,0.16392228,1.1294954
2022-01-15 00:00:00,0.0,0.0,3.6105416,62.040157,173.20758,0.1401607,1.1008952
2022-01-15 01:00:00,0.0,0.0,3.4105513,61.974144,172.10435,0.11296895,1.0849668
2022-01-15 02:00:00,0.0,0.0,3.2486413,61.856354,171.42535,0.09731975,1.0732223
2022-01-15 03:00:00,0.0,0.0,3.1175792,61.76604,170.13467,0.08456541,1.0595242
2022-01-15 04:00:00,0.0,0.0,3.0148058,61.710182,169.70848,0.07439716,1.0630889
2022-01-15 05:00:00,0.0,0.0,3.0056252,61.635033,169.60962,0.0717234,1.0763346
2022-01-15 06:00:00,0.0,0.0,3.075543,61.509007,169.8322,0.09524846,1.1019677
2022-01-15 07:00:00,0.0,0.0,3.1968484,61.51135,169.89148,0.16021755,1.1166009
2022-01-15 08:00:00,0.0,0.0,3.209197,61.59932,169.59187,0.30227387,1.1292746
2022-01-15 09:00:00,0.0,0.0,3.0834522,62.231026,168.80782,0.5088152,1.1278816
2022-01-15 10:00:00,0.0,0.0,2.9152088,63.409782,167.26027,0.6547264,1.110024
2022-01-15 11:00:00,0.0,0.0,2.808448,64.737724,166.43277,0.6839324,1.0935221
2022-01-15 12:00:00,0.0,0.0,2.751681,65.94606,165.63359,0.6503796,1.0786434
2022-01-15 13:00:00,0.0,0.0,2.7777624,66.87589,165.0811,0.56989366,1.0709983
2022-01-15 14:00:00,0.0,0.0,2.9479132,67.35034,165.6122,0.45879474,1.0810688
2022-01-15 15:00:00,0.0,0.0,3.2671318,67.18458,166.66824,0.312285,1.0902649
2022-01-15 16:00:00,0.0,0.0,3.7170463,66.36634,169.5888,0.16791542,1.1077844
2022-01-15 17:00:00,0.0,0.0,4.1307263,65.25733,172.60649,0.09150176,1.1412979
2022-01-15 18:00:00,0.0,0.0,4.3712397,64.107124,176.05997,0.08884305,1.164233
2022-01-15 19:00:00,0.0,0.0,4.424832,63.173565,177.66307,0.09421385,1.1889361
2022-01-15 20:00:00,0.0,0.0,4.343683,62.721436,179.1549,0.09227742,1.1878517
2022-01-15 21:00:00,0.0,0.0,4.167897,62.37276,179.37471,0.085069865,1.1714859
2022-01-15 22:00:00,0.0,0.0,3.9616377,62.21538,179.44539,0.07203265,1.1456033
2022-01-15 23:00:00,0.0,0.0,3.7479324,61.957794,179.06874,0.05622849,1.1030064
2022-01-16 00:00:00,0.0,0.0,3.5523653,61.717278,178.00282,0.044569258,1.0749118
2022-01-16 01:00:00,0.0,0.0,3.354412,61.534325,176.80443,0.03556943,1.0588794
2022-01-16 02:00:00,0.0,0.0,3.1887197,61.439995,176.23167,0.027263127,1.0406896
2022-01-16 03:00:00,0.0,0.0,3.0627007,61.43107,175.81258,0.020189224,1.0322841
2022-01-16 04:00:00,0.0,0.0,2.9578993,61.413754,175.00046,0.016680518,1.0413752
2022-01-16 05:00:00,0.0,0.0,2.8971772,61.4077,174.86177,0.021156838,1.0614744
2022-01-16 06:00:00,0.0,0.0,2.9046228,61.396286,174.51588,0.0452887,1.0873225
2022-01-16 07:00:00,0.0,0.0,2.9312732,61.42415,174.52728,0.10876523,1.0954596
2022-01-16 08:00:00,0.0,0.0,2.8403838,61.785305,173.9488,0.23270565,1.1010624
2022-01-16 09:00:00,0.0,0.0,2.6882424,62.528774,173.029,0.38727313,1.1053408
2022-01-16 10:00:00,0.0,0.0,2.5612793,63.866013,171.60092,0.47768363,1.1092772
2022-01-16 11:00:00,0.0,0.0,2.476528,65.21294,170.25636,0.4847686,1.1068516
2022-01-16 12:00:00,0.0,0.0,2.4484143,66.44627,169.26726,0.4475145,1.0963873
2022-01-16 13:00:00,0.0,0.0,2.5021467,67.4319,168.9326,0.37234306,1.1038074
2022-01-16 14:00:00,0.0,0.0,2.6525717,67.926384,169.17874,0.27670816,1.111397
2022-01-16 15:00:00,0.0,0.0,2.9051564,67.80273,170.27507,0.15897706,1.1140637
2022-01-16 16:00:00,0.0,0.0,3.2000654,67.15426,172.5022,0.06521511,1.125541
2022-01-16 17:00:00,0.0,0.0,3.5100253,66.21394,175.03621,0.02855701,1.1446308
2022-01-16 18:00:00,0.0,0.0,3.7115366,65.03635,177.00014,0.02201897,1.1595213
2022-01-16 19:00:00,0.0,0.0,3.7685018,64.210106,178.0913,0.022523893,1.1814129
2022-01-16 20:00:00,0.0,0.0,3.6991138,63.77978,178.78871,0.02108243,1.1899099
2022-01-16 21:00:00,0.0,0.0,3.5594625,63.507362,178.6042,0.019327365,1.1774571
2022-01-16 22:00:00,0.0,0.0,3.3600037,63.290947,177.34175,0.0153579,1.1487486
2022-01-16 23:00:00,0.0,0.0,3.1424074,63.16385,176.49025,0.011830253,1.1258587
2022-01-17 00:00:00,0.0,0.0,2.9320462,63.032852,175.30379,0.0096371,1.1079503
2022-01-17 01:00:00,0.0,0.0,2.730315,63.06134,174.20448,0.007609137,1.1026949
2022-01-17 02:00:00,0.0,0.0,2.5802538,63.04055,173.13667,0.0069839796,1.0918484
2022-01-17 03:00:00,0.0,0.0,2.4770467,62.982502,172.8102,0.006643867,1.0943218
2022-01-17 04:00:00,0.0,0.0,2.4687974,62.77893,172.63327,0.008647302,1.1147463
2022-01-17 05:00:00,0.0,0.0,2.5877767,62.641056,172.23732,0.018900564,1.1536623
2022-01-17 06:00:00,0.0,0.0,2.8581996,62.407986,172.22766,0.06597322,1.1882046
2022-01-17 07:00:00,0.0,0.0,3.1791835,62.29385,172.29974,0.15402138,1.2083776
2022-01-17 08:00:00,0.0,0.0,3.3130903,62.301407,171.38994,0.27228794,1.1985964
2022-01-17 09:00:00,0.0,0.0,3.2107978,62.938183,169.92424,0.41400436,1.190515
2022-01-17 10:00:00,0.0,0.0,2.9579492,64.1272,168.9757,0.49525207,1.1760424
2022-01-17 11:00:00,0.0,0.0,2.7529001,65.49485,167.24672,0.494606,1.1652981
2022-01-17 12:00:00,0.0,0.0,2.6420984,66.813545,165.9791,0.45742512,1.1497046
2022-01-17 13:00:00,0.0,0.0,2.642388,67.86067,165.36061,0.3945785,1.1375301
2022-01-17 14:00:00,0.0,0.0,2.7862082,68.35839,165.30695,0.30701563,1.14901
2022-01-17 15:00:00,0.0,0.0,3.0594985,68.37392,165.71603,0.2018199,1.1733459
2022-01-17 16:00:00,0.0,0.0,3.4390361,67.7657,167.51874,0.11110926,1.1997311
2022-01-17 17:00:00,0.0,0.0,3.833472,66.839195,169.24579,0.056396984,1.2417823
2022-01-17 18:00:00,0.0,0.0,4.0648427,65.955025,170.96239,0.05255006,1.2818832
2022-01-17 19:00:00,0.0,0.0,4.0576425,65.19642,171.09818,0.05740639,1.300367
2022-01-17 20:00:00,0.0,0.0,3.9156995,64.81549,171.34653,0.057574976,1.3005253
2022-01-17 21:00:00,0.0,0.0,3.3899074,64.686,170.7135,0.05482059,1.2733634
2022-01-17 22:00:00,0.0,0.0,3.4720595,64.55364,170.56274,0.050364975,1.2350615
2022-01-17 23:00:00,0.0,0.0,3.202918,64.517944,169.5068,0.04373002,1.184639
2022-01-18 00:00:00,0.0,0.0,2.9794564,64.43967,168.02214,0.03706178,1.1472709
2022-01-18 01:00:00,0.0,0.0,2.7869725,64.32523,167.19354,0.032858808,1.1157753
2022-01-18 02:00:00,0.0,0.0,2.6423333,64.26315,165.99529,0.030012978,1.0871009
2022-01-18 03:00:00,0.0,0.0,2.5471814,64.16786,165.0775,0.028426731,1.0768784
2022-01-18 04:00:00,0.0,0.0,2.5394049,63.98661,164.49692,0.029763352,1.0853207
2022-01-18 05:00:00,0.0,0.0,2.6679683,63.705482,164.7722,0.04526721,1.1129286
2022-01-18 06:00:00,0.0,0.0,2.9908397,63.269966,165.14856,0.09281853,1.1363623
2022-01-18 07:00:00,0.0,0.0,3.403749,62.818897,166.14906,0.17041683,1.1623254
2022-01-18 08:00:00,0.0,0.0,3.5923257,62.779305,165.56479,0.300803,1.176601
2022-01-18 09:00:00,0.0,0.0,3.421744,63.34562,164.33374,0.4843978,1.1746216
2022-01-18 10:00:00,0.0,0.0,3.1656125,64.54733,163.05797,0.5936975,1.142965
2022-01-18 11:00:00,0.0,0.0,2.9628224,65.91336,162.02805,0.584646,1.1143835
2022-01-18 12:00:00,0.0,0.0,2.855826,67.1188,161.17781,0.5425264,1.0943741
2022-01-18 13:00:00,0.0,0.0,2.8705525,68.011345,160.74974,0.4651038,1.0831043
2022-01-18 14:00:00,0.0,0.0,3.0375214,68.3743,161.05182,0.3645954,1.0928618
2022-01-18 15:00:00,0.0,0.0,3.3707073,68.26996,162.62877,0.23980878,1.1261672
2022-01-18 16:00:00,0.0,0.0,3.8394754,67.42676,165.25404,0.12817916,1.146549
2022-01-18 17:00:00,0.0,0.0,4.3419843,66.18994,168.4061,0.06872703,1.1831611
2022-01-18 18:00:00,0.0,0.0,4.6132064,64.93981,170.98778,0.056872714,1.2139869
2022-01-18 19:00:00,0.0,0.0,4.6084857,64.091415,172.5179,0.056144737,1.2344455
2022-01-18 20:00:00,0.0,0.0,4.414171,63.7226,173.38542,0.05026025,1.2320322
2022-01-18 21:00:00,0.0,0.0,4.14346,63.55264,173.30942,0.04411664,1.2116716
2022-01-18 22:00:00,0.0,0.0,3.8674579,63.38585,173.32208,0.03896259,1.1784713
2022-01-18 23:00:00,0.0,0.0,3.580275,63.37454,172.4541,0.032514144,1.153576
2022-01-19 00:00:00,0.0,0.0,3.3194213,63.237354,171.4154,0.026856162,1.1285075
2022-01-19 01:00:00,0.0,0.0,3.1050653,63.233913,170.65573,0.023920387,1.1094111
2022-01-19 02:00:00,0.0,0.0,2.9441059,63.131634,170.14072,0.02154724,1.0992432
2022-01-19 03:00:00,0.0,0.0,2.8251328,63.030544,169.2468,0.0197158,1.0938069
2022-01-19 04:00:00,0.0,0.0,2.8100305,62.84432,168.78365,0.019824337,1.1130571
2022-01-19 05:00:00,0.0,0.0,2.9183192,62.538326,169.1682,0.033044197,1.1476109
2022-01-19 06:00:00,0.0,0.0,3.2255447,62.249218,169.50514,0.07267596,1.1849396
2022-01-19 07:00:00,0.0,0.0,3.588897,61.960735,169.89404,0.16710518,1.22323
2022-01-19 08:00:00,0.0,0.0,3.7373571,62.121986,169.69495,0.34100816,1.2503961
2022-01-19 09:00:00,0.0,0.0,3.4715602,62.91185,168.38802,0.51848775,1.2424048
2022-01-19 10:00:00,0.0,0.0,3.195049,64.31004,166.97557,0.58226436,1.220136
2022-01-19 11:00:00,0.0,0.0,3.00745,65.70049,165.61829,0.5678807,1.2097989
2022-01-19 12:00:00,0.0,0.0,2.9368353,66.87966,164.9866,0.5156451,1.2012738
2022-01-19 13:00:00,0.0,0.0,2.9939964,67.810455,164.60878,0.42204067,1.2036425
2022-01-19 14:00:00,0.0,0.0,3.1749241,68.3022,165.32729,0.31078926,1.2109766
2022-01-19 15:00:00,0.0,0.0,3.4812822,68.1266,166.62445,0.18725316,1.2143997
2022-01-19 16:00:00,0.0,0.0,3.8924618,67.393616,168.60822,0.09364905,1.2277182
2022-01-19 17:00:00,0.0,0.0,4.242024,66.44447,171.93864,0.050065335,1.2608521
2022-01-19 18:00:00,0.0,0.0,4.385413,65.4353,174.06435,0.035822246,1.2858245
2022-01-19 19:00:00,0.0,0.0,4.3157325,64.7972,175.69994,0.034995798,1.3134937
2022-01-19 20:00:00,0.0,0.0,4.127455,64.50076,176.22159,0.032639578,1.3259887
2022-01-19 21:00:00,0.0,0.0,3.8602765,64.404854,175.66585,0.029066805,1.3203189
2022-01-19 22:00:00,0.0,0.0,3.6142802,64.33058,175.45143,0.025615634,1.2848136
2022-01-19 23:00:00,0.0,0.0,3.3418164,64.23669,174.59647,0.019627763,1.2664292
2022-01-20 00:00:00,0.0,0.0,3.081777,64.2421,172.92435,0.014496989,1.2487841
2022-01-20 01:00:00,0.0,0.0,2.8703845,64.29306,171.81012,0.011599463,1.2266973
2022-01-20 02:00:00,0.0,0.0,2.6936831,64.306305,170.75107,0.00931964,1.2146401
2022-01-20 03:00:00,0.0,0.0,2.5558987,64.23659,169.83124,0.008385138,1.2160841
2022-01-20 04:00:00,0.0,0.0,2.5147233,64.08104,169.43793,0.009846151,1.2335012
2022-01-20 05:00:00,0.0,0.0,2.5957203,63.890434,169.4201,0.018745096,1.2735159
2022-01-20 06:00:00,0.0,0.0,2.8359137,63.644897,169.69684,0.06365838,1.3013759
2022-01-20 07:00:00,0.0,0.0,3.1281404,63.438076,170.32051,0.16629086,1.3337516
2022-01-20 08:00:00,0.0,0.0,3.2427206,63.49266,169.29198,0.28707898,1.3385761
2022-01-20 09:00:00,0.0,0.0,3.1501179,64.11157,167.42003,0.41482934,1.3227185
2022-01-20 10:00:00,0.0,0.0,2.8501358,65.274536,166.488,0.46900445,1.3039769
2022-01-20 11:00:00,0.0,0.0,2.6447847,66.479965,165.15265,0.45317468,1.2961665
2022-01-20 12:00:00,0.0,0.0,2.5411744,67.76221,164.1557,0.4079404,1.2902024
2022-01-20 13:00:00,0.0,0.0,2.5544133,68.739395,163.89471,0.34434167,1.2792432
2022-01-20 14:00:00,0.0,0.0,2.6900525,69.24887,164.2188,0.2549038,1.2865723
2022-01-20 15:00:00,0.0,0.0,2.9649565,69.18479,165.1667,0.155519,1.2973998
2022-01-20 16:00:00,0.0,0.0,3.2694292,68.60294,167.01733,0.08199401,1.3200315
2022-01-20 17:00:00,0.0,0.0,3.5477731,67.77945,169.00801,0.042706393,1.3624414
2022-01-20 18:00:00,0.0,0.0,3.7222233,66.854256,170.78497,0.028403476,1.4076806
2022-01-20 19:00:00,0.0,0.0,3.7273376,66.16416,170.864,0.025716547,1.444877
2022-01-20 20:00:00,0.0,0.0,3.5993288,65.90473,170.96362,0.022801539,1.4570589
2022-01-20 21:00:00,0.0,0.0,3.4081001,65.794945,170.55057,0.019733995,1.4551674
2022-01-20 22:00:00,0.0,0.0,3.1981382,65.71133,169.72069,0.016383,1.423478
2022-01-20 23:00:00,0.0,0.0,2.9689305,65.607765,168.5277,0.012225183,1.3826541
2022-01-21 00:00:00,0.0,0.0,2.7527964,65.40695,167.13356,0.0095078265,1.3505557
2022-01-21 01:00:00,0.0,0.0,2.5641954,65.37514,166.59996,0.0074368017,1.3200066
2022-01-21 02:00:00,0.0,0.0,2.413052,65.26871,165.02127,0.006429131,1.2857847
2022-01-21 03:00:00,0.0,0.0,2.3280241,65.30784,164.0812,0.006307093,1.2672447
2022-01-21 04:00:00,0.0,0.0,2.326421,65.06602,163.52008,0.0084673595,1.2748414
2022-01-21 05:00:00,0.0,0.0,2.4547794,64.84709,163.45654,0.022898462,1.3079863
2022-01-21 06:00:00,0.0,0.0,2.6765237,64.55498,163.8507,0.072377,1.3422419
2022-01-21 07:00:00,0.0,0.0,2.9898272,64.38361,164.13313,0.14879894,1.3592429
2022-01-21 08:00:00,0.0,0.0,3.1665144,64.42068,163.631,0.24562271,1.3733971
2022-01-21 09:00:00,0.0,0.0,3.0520833,65.09935,162.47757,0.36651835,1.3524467
2022-01-21 10:00:00,0.0,0.0,2.7603333,66.47444,161.22267,0.42280725,1.3159016
2022-01-21 11:00:00,0.0,0.0,2.5419607,67.6251,160.22845,0.41910443,1.2846699
2022-01-21 12:00:00,0.0,0.0,2.4485857,68.75322,159.5857,0.3805839,1.2678498
2022-01-21 13:00:00,0.0,0.0,2.462243,69.648834,159.59688,0.3217659,1.249383
2022-01-21 14:00:00,0.0,0.0,2.6211207,70.074615,160.19452,0.23981066,1.251624
2022-01-21 15:00:00,0.0,0.0,2.8789434,70.0636,161.48419,0.15246037,1.2703162
2022-01-21 16:00:00,0.0,0.0,3.2000356,69.4234,163.26299,0.08398613,1.3003366
2022-01-21 17:00:00,0.0,0.0,3.4875562,68.634735,165.65007,0.0435493,1.3379344
2022-01-21 18:00:00,0.0,0.0,3.6374571,67.75544,167.78477,0.030647717,1.3717302
2022-01-21 19:00:00,0.0,0.0,3.6594954,66.97354,168.91173,0.028254405,1.3867011
2022-01-21 20:00:00,0.0,0.0,3.5192442,66.60323,169.57913,0.025338924,1.3890018
2022-01-21 21:00:00,0.0,0.0,3.3184597,66.38524,169.93622,0.02250302,1.3745178
2022-01-21 22:00:00,0.0,0.0,3.1144671,66.114334,169.6564,0.01844164,1.3501264
2022-01-21 23:00:00,0.0,0.0,2.8948088,65.93385,168.72424,0.013707517,1.3130305
2022-01-22 00:00:00,0.0,0.0,2.7526243,65.772644,167.83646,0.010542984,1.2832824
2022-01-22 01:00:00,0.0,0.0,2.5753884,65.62259,166.92513,0.008202444,1.2597136
2022-01-22 02:00:00,0.0,0.0,2.4279768,65.48631,166.09232,0.0065950165,1.2480327
2022-01-22 03:00:00,0.0,0.0,2.3038392,65.314445,165.29579,0.006135807,1.2415497
2022-01-22 04:00:00,0.0,0.0,2.258985,65.06015,165.0562,0.0068554077,1.2502457
2022-01-22 05:00:00,0.0,0.0,2.2898786,64.83736,164.9445,0.01631285,1.2822908
2022-01-22 06:00:00,0.0,0.0,2.3586438,64.579704,165.10226,0.046609737,1.3153208
2022-01-22 07:00:00,0.0,0.0,2.4846373,64.53845,165.19902,0.09709713,1.3353887
2022-01-22 08:00:00,0.0,0.0,2.5520072,64.70138,164.8145,0.17732506,1.3445904
2022-01-22 09:00:00,0.0,0.0,2.5179412,65.23582,164.18733,0.278088,1.3420105
2022-01-22 10:00:00,0.0,0.0,2.3917382,66.32472,163.09755,0.3427018,1.3155082
2022-01-22 11:00:00,0.0,0.0,2.3124726,67.336655,162.0691,0.3532244,1.2892003
2022-01-22 12:00:00,0.0,0.0,2.272757,68.23878,161.52756,0.32853025,1.262205
2022-01-22 13:00:00,0.0,0.0,2.3213122,69.053474,161.49428,0.2779491,1.2502179
2022-01-22 14:00:00,0.0,0.0,2.4628372,69.42953,162.33672,0.20504612,1.2513224
2022-01-22 15:00:00,0.0,0.0,2.682402,69.30434,163.23628,0.12722047,1.2669911
2022-01-22 16:00:00,0.0,0.0,2.9416952,68.68251,165.43755,0.06558146,1.2879597
2022-01-22 17:00:00,0.0,0.0,3.2469685,67.74725,168.09012,0.032224655,1.3243787
2022-01-22 18:00:00,0.0,0.0,3.498462,66.64741,170.45041,0.0237589,1.3572664
2022-01-22 19:00:00,0.0,0.0,3.5897627,65.7857,172.02931,0.024482815,1.3879261
2022-01-22 20:00:00,0.0,0.0,3.5228014,65.14697,172.7856,0.023662258,1.3976154
2022-01-22 21:00:00,0.0,0.0,3.4141097,64.744835,173.29062,0.021635221,1.394926
2022-01-22 22:00:00,0.0,0.0,3.236747,64.384285,173.31656,0.018161418,1.3706187
2022-01-22 23:00:00,0.0,0.0,3.0747347,64.03737,172.48782,0.014463193,1.3351642
2022-01-23 00:00:00,0.0,0.0,2.9145684,63.80388,171.70221,0.012268139,1.3059347
2022-01-23 01:00:00,0.0,0.0,2.7572844,63.64449,170.61346,0.010750583,1.2972248
2022-01-23 02:00:00,0.0,0.0,2.6225483,63.40249,169.73355,0.01016276,1.2874267
2022-01-23 03:00:00,0.0,0.0,2.506987,63.234135,169.23189,0.009842972,1.2821106
2022-01-23 04:00:00,0.0,0.0,2.4479837,63.07077,169.36218,0.012848908,1.3038727
2022-01-23 05:00:00,0.0,0.0,2.4394937,62.892197,169.44254,0.027668077,1.325086
2022-01-23 06:00:00,0.0,0.0,2.4857752,62.819035,169.64731,0.059190236,1.3545727
2022-01-23 07:00:00,0.0,0.0,2.5529795,62.8546,169.35498,0.117015004,1.4067253
2022-01-23 08:00:00,0.0,0.0,2.5597856,63.148205,169.05153,0.2169597,1.4198645
2022-01-23 09:00:00,0.0,0.0,2.5266826,63.76432,167.92705,0.3305822,1.4054414
2022-01-23 10:00:00,0.0,0.0,2.4148345,64.923,166.70273,0.39364463,1.3927169
2022-01-23 11:00:00,0.0,0.0,2.349042,66.06204,166.01588,0.40036517,1.3704787
2022-01-23 12:00:00,0.0,0.0,2.3215625,67.14294,165.38477,0.37090978,1.3546095
2022-01-23 13:00:00,0.0,0.0,2.365544,67.9326,165.19844,0.30909887,1.3466632
2022-01-23 14:00:00,0.0,0.0,2.5084295,68.27112,165.51695,0.22936195,1.3592441
2022-01-23 15:00:00,0.0,0.0,2.7386115,68.148575,166.90236,0.14601369,1.3621455
2022-01-23 16:00:00,0.0,0.0,3.0284808,67.577545,169.43065,0.08272542,1.3837508
2022-01-23 17:00:00,0.0,0.0,3.3490472,66.67239,172.62082,0.045660608,1.4073023
2022-01-23 18:00:00,0.0,0.0,3.6182024,65.61563,175.62022,0.038240522,1.4393084
2022-01-23 19:00:00,0.0,0.0,3.749429,64.75303,177.89581,0.040878493,1.4612274
2022-01-23 20:00:00,0.0,0.0,3.686581,64.28092,178.51897,0.04178702,1.4645368
2022-01-23 21:00:00,0.0,0.0,3.5297759,64.05407,177.2364,0.03943632,1.4529452
2022-01-23 22:00:00,0.0,0.0,3.351661,63.799763,177.54944,0.033450402,1.4291822
2022-01-23 23:00:00,0.0,0.0,3.1388714,63.66594,176.7242,0.027811512,1.3844146
2022-01-24 00:00:00,0.0,0.0,2.9360898,63.533844,175.82556,0.022760415,1.3614188
2022-01-24 01:00:00,0.0,0.0,2.765214,63.429695,175.12262,0.020629015,1.3418201
2022-01-24 02:00:00,0.0,0.0,2.6532042,63.27556,174.82977,0.020262918,1.3300046
2022-01-24 03:00:00,0.0,0.0,2.576853,63.204277,173.945,0.021250589,1.3366933
2022-01-24 04:00:00,0.0,0.0,2.5918732,63.113396,173.95093,0.02731049,1.3531512
2022-01-24 05:00:00,0.0,0.0,2.768976,62.85502,173.91565,0.049957123,1.3819242
2022-01-24 06:00:00,0.0,0.0,3.1068447,62.55216,174.86357,0.103005506,1.4203482
2022-01-24 07:00:00,0.0,0.0,3.5009954,62.4436,175.73856,0.21370725,1.4468277
2022-01-24 08:00:00,0.0,0.0,3.638969,62.63914,174.94482,0.39904052,1.460163
2022-01-24 09:00:00,0.0,0.0,3.4565523,63.453552,174.08875,0.5908692,1.4640336
2022-01-24 10:00:00,0.0,0.0,3.1389666,64.8373,172.08533,0.65665656,1.453559
2022-01-24 11:00:00,0.0,0.0,2.9429855,66.16934,171.23097,0.64599144,1.4399611
2022-01-24 12:00:00,0.0,0.0,2.8968668,67.31539,170.35854,0.5927466,1.4176075
2022-01-24 13:00:00,0.0,0.0,2.9773088,68.11028,170.20386,0.49864036,1.4208211
2022-01-24 14:00:00,0.0,0.0,3.220318,68.41054,170.86063,0.39351168,1.4406452
2022-01-24 15:00:00,0.0,0.0,3.5949566,68.21688,172.3519,0.26937973,1.4733458
2022-01-24 16:00:00,0.0,0.0,4.05666,67.43989,174.874,0.16196176,1.5070939
2022-01-24 17:00:00,0.0,0.0,4.5156736,66.38168,178.2906,0.092794895,1.5470682
2022-01-24 18:00:00,0.0,0.0,4.7637863,65.158485,181.501,0.07924235,1.5850309
2022-01-24 19:00:00,0.0,0.0,4.7876997,64.38145,183.43735,0.07704381,1.6058401
2022-01-24 20:00:00,0.0,0.0,4.639541,63.937737,184.96808,0.073717415,1.6136192
2022-01-24 21:00:00,0.0,0.0,4.4269924,63.660408,185.45439,0.06930898,1.5894862
2022-01-24 22:00:00,0.0,0.0,4.164873,63.395332,185.10237,0.06115459,1.5508832
2022-01-24 23:00:00,0.0,0.0,3.8766136,63.244034,184.08318,0.04953196,1.5126078
2022-01-25 00:00:00,0.0,0.0,3.6332862,63.086292,182.58386,0.03961974,1.469867
2022-01-25 01:00:00,0.0,0.0,3.3980699,62.934586,181.37938,0.033417422,1.4476132
2022-01-25 02:00:00,0.0,0.0,3.2314157,62.857838,180.59273,0.030501056,1.4198409
2022-01-25 03:00:00,0.0,0.0,3.11961,62.75887,179.68489,0.028707994,1.4090344
2022-01-25 04:00:00,0.0,0.0,3.0951662,62.62883,179.27802,0.032442793,1.4088664
2022-01-25 05:00:00,0.0,0.0,3.2133844,62.319054,179.6614,0.05336136,1.4297068
2022-01-25 06:00:00,0.0,0.0,3.4733377,61.99076,180.09222,0.120848656,1.4613343
2022-01-25 07:00:00,0.0,0.0,3.7917352,62.00791,180.34659,0.24291193,1.486142
2022-01-25 08:00:00,0.0,0.0,3.8856046,62.30006,179.30733,0.42949045,1.520394
2022-01-25 09:00:00,0.0,0.0,3.7068512,63.128544,177.93016,0.6133529,1.5281119
2022-01-25 10:00:00,0.0,0.0,3.412904,64.36454,176.29309,0.68474114,1.5057067
2022-01-25 11:00:00,0.0,0.0,3.2439861,65.57538,174.99466,0.6740258,1.4900156
2022-01-25 12:00:00,0.0,0.0,3.1735678,66.62888,173.43312,0.6183275,1.4776561
2022-01-25 13:00:00,0.0,0.0,3.256232,67.404335,172.93575,0.52332103,1.4704657
2022-01-25 14:00:00,0.0,0.0,3.5049183,67.76134,173.4347,0.41430858,1.4823871
2022-01-25 15:00:00,0.0,0.0,3.8758924,67.62691,174.39221,0.29343167,1.4903241
2022-01-25 16:00:00,0.0,0.0,4.321285,66.907814,176.77257,0.18677871,1.5026765
2022-01-25 17:00:00,0.0,0.0,4.707202,65.87736,180.36642,0.11864445,1.5344677
2022-01-25 18:00:00,0.0,0.0,4.907947,64.81865,183.18343,0.10133575,1.5507709
2022-01-25 19:00:00,0.0,0.0,4.86631,64.11447,184.61446,0.092008114,1.5668918
2022-01-25 20:00:00,0.0,0.0,4.683813,63.705578,184.98048,0.08024221,1.5752937
2022-01-25 21:00:00,0.0,0.0,4.415952,63.415733,184.81624,0.06799264,1.5573008
2022-01-25 22:00:00,0.0,0.0,4.144378,63.268593,184.49753,0.054869097,1.5131422
2022-01-25 23:00:00,0.0,0.0,3.863168,63.184,183.31123,0.040171705,1.4742572
2022-01-26 00:00:00,0.0,0.0,3.6095898,63.08044,181.36827,0.028319549,1.4341617
2022-01-26 01:00:00,0.0,0.0,3.397983,62.919155,180.37265,0.022856023,1.4268007
2022-01-26 02:00:00,0.0,0.0,3.2311006,62.723858,179.48956,0.018398497,1.4179015
2022-01-26 03:00:00,0.0,0.0,3.126957,62.53439,178.63962,0.016463337,1.4135298
2022-01-26 04:00:00,0.0,0.0,3.1155288,62.38286,178.22423,0.018652663,1.4231585
2022-01-26 05:00:00,0.0,0.0,3.2276328,62.127625,178.38525,0.0363152,1.4426527
2022-01-26 06:00:00,0.0,0.0,3.4679441,61.807495,178.90788,0.086666115,1.4714637
2022-01-26 07:00:00,0.0,0.0,3.7498832,61.660225,178.78119,0.18694228,1.4929448
2022-01-26 08:00:00,0.0,0.0,3.843293,61.858864,177.50656,0.3418712,1.4954566
2022-01-26 09:00:00,0.0,0.0,3.6527815,62.64138,175.6233,0.5007463,1.4839984
2022-01-26 10:00:00,0.0,0.0,3.3862057,63.86485,173.94481,0.5783241,1.4613429
2022-01-26 11:00:00,0.0,0.0,3.2513592,65.06453,172.81627,0.5834489,1.4346831
2022-01-26 12:00:00,0.0,0.0,3.2113228,66.07599,172.09898,0.5472449,1.4057554
2022-01-26 13:00:00,0.0,0.0,3.3135808,66.69522,172.00076,0.47507355,1.3921909
2022-01-26 14:00:00,0.0,0.0,3.56337,66.93316,172.13922,0.375407,1.3876576
2022-01-26 15:00:00,0.0,0.0,3.919181,66.668564,173.58646,0.2525038,1.3875629
2022-01-26 16:00:00,0.0,0.0,4.285292,66.008385,175.58661,0.13895728,1.3862998
2022-01-26 17:00:00,0.0,0.0,4.6088834,65.14199,178.94656,0.07192365,1.4103026
2022-01-26 18:00:00,0.0,0.0,4.7379947,64.21185,180.77817,0.05136827,1.4159933
2022-01-26 19:00:00,0.0,0.0,4.643507,63.590897,181.86281,0.045737877,1.4151634
2022-01-26 20:00:00,0.0,0.0,4.4592004,63.25041,182.27956,0.040251896,1.41414
2022-01-26 21:00:00,0.0,0.0,4.241297,63.096226,182.3997,0.033793498,1.3883232
2022-01-26 22:00:00,0.0,0.0,3.6574047,62.942158,181.71361,0.027432857,1.360096
2022-01-26 23:00:00,0.0,0.0,3.71806,62.751938,180.636,0.020311007,1.3249623
2022-01-27 00:00:00,0.0,0.0,3.483985,62.52754,179.64175,0.015224907,1.2882504
2022-01-27 01:00:00,0.0,0.0,3.2760446,62.42315,179.21156,0.011467769,1.2683381
2022-01-27 02:00:00,0.0,0.0,3.1114757,62.31895,178.13525,0.009493495,1.2592291
2022-01-27 03:00:00,0.0,0.0,2.9981294,62.163692,177.11601,0.009317939,1.2470843
2022-01-27 04:00:00,0.0,0.0,2.9650598,61.934067,177.1608,0.013394226,1.2553785
2022-01-27 05:00:00,0.0,0.0,3.101847,61.778114,177.74367,0.02862308,1.2862622
2022-01-27 06:00:00,0.0,0.0,3.349105,61.511524,178.23349,0.08240074,1.3185806
2022-01-27 07:00:00,0.0,0.0,3.5968134,61.270924,178.38947,0.20936537,1.349107
2022-01-27 08:00:00,0.0,0.0,3.674921,61.322536,177.44974,0.37323627,1.3742205
2022-01-27 09:00:00,0.0,0.0,3.512923,62.008926,176.48062,0.52269125,1.3871619
2022-01-27 10:00:00,0.0,0.0,3.2669618,63.30353,174.37875,0.5798493,1.3801838
2022-01-27 11:00:00,0.0,0.0,3.1284258,64.449554,173.20084,0.56811935,1.3753101
2022-01-27 12:00:00,0.0,0.0,3.1018696,65.46634,172.46951,0.512156,1.3748704
2022-01-27 13:00:00,0.0,0.0,3.195062,66.289856,172.03532,0.4318415,1.3884178
2022-01-27 14:00:00,0.0,0.0,3.410528,66.74481,172.14389,0.33210462,1.3962044
2022-01-27 15:00:00,0.0,0.0,3.7405207,66.813675,173.2754,0.21433443,1.4203331
2022-01-27 16:00:00,0.0,0.0,4.088911,66.320335,175.43364,0.12276791,1.4401679
2022-01-27 17:00:00,0.0,0.0,4.398461,65.41087,178.21213,0.06336954,1.4733977
2022-01-27 18:00:00,0.0,0.0,4.6150017,64.26504,180.5782,0.044760015,1.5002915
2022-01-27 19:00:00,0.0,0.0,4.6193237,63.40426,181.87813,0.040061854,1.5195539
2022-01-27 20:00:00,0.0,0.0,4.502174,62.96387,182.3875,0.035667147,1.5353371
2022-01-27 21:00:00,0.0,0.0,4.270993,62.828068,182.18065,0.028484806,1.5213253
2022-01-27 22:00:00,0.0,0.0,4.0136538,62.717422,181.27042,0.021952752,1.4956648
2022-01-27 23:00:00,0.0,0.0,3.7776442,62.580986,179.81511,0.014773685,1.4659784
2022-01-28 00:00:00,0.0,0.0,3.5266027,62.511757,178.18121,0.010231299,1.4290755
2022-01-28 01:00:00,0.0,0.0,3.299199,62.58651,176.72029,0.0077361697,1.4044503
2022-01-28 02:00:00,0.0,0.0,3.1198256,62.470505,175.7689,0.0063457694,1.3900948
2022-01-28 03:00:00,0.0,0.0,2.9778259,62.431553,174.62401,0.006248567,1.3698611
2022-01-28 04:00:00,0.0,0.0,2.9436681,62.38939,174.18492,0.00882398,1.3736576
2022-01-28 05:00:00,0.0,0.0,3.0104263,62.24672,173.8547,0.023107124,1.398541
2022-01-28 06:00:00,0.0,0.0,3.2262979,62.078598,174.24222,0.081765555,1.4241308
2022-01-28 07:00:00,0.0,0.0,3.517846,62.13629,173.88065,0.1967535,1.4525237
2022-01-28 08:00:00,0.0,0.0,3.6414762,62.41715,172.96355,0.34362274,1.4603424
2022-01-28 09:00:00,0.0,0.0,3.4780154,63.156532,171.66747,0.4907267,1.4428046
2022-01-28 10:00:00,0.0,0.0,3.1884704,64.596695,170.11911,0.5598274,1.407652
2022-01-28 11:00:00,0.0,0.0,2.9936168,65.9108,166.15993,0.5478342,1.3941972
2022-01-28 12:00:00,0.0,0.0,2.892898,67.06221,167.30792,0.4909037,1.3645135
2022-01-28 13:00:00,0.0,0.0,2.9251153,68.04664,166.96614,0.41119635,1.3590819
2022-01-28 14:00:00,0.0,0.0,3.090123,68.5704,166.85036,0.3111902,1.3562559
2022-01-28 15:00:00,0.0,0.0,3.362171,68.52222,168.15266,0.19446515,1.3618523
2022-01-28 16:00:00,0.0,0.0,3.6787317,67.93309,169.56598,0.10639475,1.369945
2022-01-28 17:00:00,0.0,0.0,3.9432185,67.134514,171.41022,0.04970799,1.3830957
2022-01-28 18:00:00,0.0,0.0,4.088504,66.185745,172.72299,0.028537923,1.411888
2022-01-28 19:00:00,0.0,0.0,4.0734715,65.47211,173.36928,0.023310902,1.4348303
2022-01-28 20:00:00,0.0,0.0,3.9375145,65.07299,173.4124,0.019236336,1.4315888
2022-01-28 21:00:00,0.0,0.0,3.7240825,64.837234,172.83766,0.01605326,1.423196
2022-01-28 22:00:00,0.0,0.0,3.4841442,64.72169,171.78648,0.013351814,1.3898475
2022-01-28 23:00:00,0.0,0.0,3.253274,64.6141,170.55995,0.010170674,1.3512206
2022-01-29 00:00:00,0.0,0.0,3.0226088,64.55062,169.51817,0.008259383,1.3089685
2022-01-29 01:00:00,0.0,0.0,2.826937,64.532936,168.24112,0.006409282,1.2846668
2022-01-29 02:00:00,0.0,0.0,2.6693203,64.482666,167.51451,0.0055566737,1.2603889
2022-01-29 03:00:00,0.0,0.0,2.5414546,64.48777,166.6635,0.005163922,1.2443057
2022-01-29 04:00:00,0.0,0.0,2.4813318,64.35803,166.54945,0.0071331463,1.2500767
2022-01-29 05:00:00,0.0,0.0,2.4837632,64.25857,166.13696,0.019272178,1.2818382
2022-01-29 06:00:00,0.0,0.0,2.561146,64.11604,166.51631,0.057065643,1.3044577
2022-01-29 07:00:00,0.0,0.0,2.6616793,64.24441,166.43987,0.129338,1.3190411
2022-01-29 08:00:00,0.0,0.0,2.677076,64.58808,165.92822,0.23587766,1.3271301
2022-01-29 09:00:00,0.0,0.0,2.5887523,65.29329,164.8271,0.34768593,1.3092563
2022-01-29 10:00:00,0.0,0.0,2.4392514,66.48605,163.63994,0.39919454,1.2751743
2022-01-29 11:00:00,0.0,0.0,2.3619113,67.615166,162.59941,0.39863715,1.2522954
2022-01-29 12:00:00,0.0,0.0,2.3177855,68.622,161.89989,0.36783087,1.2204617
2022-01-29 13:00:00,0.0,0.0,2.3645804,69.40308,161.82774,0.3138318,1.212314
2022-01-29 14:00:00,0.0,0.0,2.481113,69.853065,162.30426,0.2375288,1.2123219
2022-01-29 15:00:00,0.0,0.0,2.6555412,69.96463,163.22404,0.15477335,1.2230823
2022-01-29 16:00:00,0.0,0.0,2.8446124,69.635765,165.35063,0.09297717,1.2383772
2022-01-29 17:00:00,0.0,0.0,3.0653534,69.00371,167.38828,0.05401871,1.2784476
2022-01-29 18:00:00,0.0,0.0,3.224837,68.102036,169.20923,0.0403422,1.2999455
2022-01-29 19:00:00,0.0,0.0,3.305428,67.269585,170.14311,0.03976439,1.330011
2022-01-29 20:00:00,0.0,0.0,3.2675872,66.77046,170.60382,0.039268218,1.3414148
2022-01-29 21:00:00,0.0,0.0,3.1426108,66.47292,171.07079,0.037137978,1.331247
2022-01-29 22:00:00,0.0,0.0,2.993307,66.28248,170.72375,0.033224046,1.3096683
2022-01-29 23:00:00,0.0,0.0,2.8474824,66.168076,169.46642,0.027671356,1.2785952
2022-01-30 00:00:00,0.0,0.0,2.6791842,66.06749,168.21083,0.023591632,1.2687252
2022-01-30 01:00:00,0.0,0.0,2.532767,65.9345,167.49794,0.021229155,1.2496272
2022-01-30 02:00:00,0.0,0.0,2.3934002,65.806435,166.48186,0.019327391,1.2363225
2022-01-30 03:00:00,0.0,0.0,2.2847943,65.72862,165.43318,0.01831265,1.2336849
2022-01-30 04:00:00,0.0,0.0,2.223945,65.63911,165.25096,0.018636439,1.2476913
2022-01-30 05:00:00,0.0,0.0,2.2349796,65.57117,165.43275,0.030185387,1.2850072
2022-01-30 06:00:00,0.0,0.0,2.2502522,65.57407,165.29237,0.07324562,1.3079762
2022-01-30 07:00:00,0.0,0.0,2.2828665,65.759766,164.6022,0.13827218,1.3326843
2022-01-30 08:00:00,0.0,0.0,2.2889595,66.105064,164.28899,0.22444212,1.3455274
2022-01-30 09:00:00,0.0,0.0,2.2366343,66.84323,163.27678,0.3234518,1.3371683
2022-01-30 10:00:00,0.0,0.0,2.1008399,68.10733,161.72656,0.38083655,1.3133923
2022-01-30 11:00:00,0.0,0.0,1.9954175,69.295944,160.55925,0.37531245,1.2855159
2022-01-30 12:00:00,0.0,0.0,1.9486841,70.41615,160.1169,0.3347808,1.2623403
2022-01-30 13:00:00,0.0,0.0,1.9621894,71.36406,159.63791,0.27732757,1.2577512
2022-01-30 14:00:00,0.0,0.0,2.0513983,71.84571,159.77463,0.20645964,1.2616924
2022-01-30 15:00:00,0.0,0.0,2.2324848,71.83676,160.23303,0.13218719,1.2755395
2022-01-30 16:00:00,0.0,0.0,2.4466677,71.30189,162.27295,0.07267539,1.2870835
2022-01-30 17:00:00,0.0,0.0,2.7417204,70.21257,164.09927,0.033606958,1.3079038
2022-01-30 18:00:00,0.0,0.0,3.0387542,68.900734,166.12244,0.017362239,1.3199486
2022-01-30 19:00:00,0.0,0.0,3.215377,67.90335,167.39487,0.0153736,1.3289452
2022-01-30 20:00:00,0.0,0.0,3.2200797,67.35895,168.36768,0.014657805,1.3222926
2022-01-30 21:00:00,0.0,0.0,3.0940616,66.94472,168.09837,0.013164307,1.3147739
2022-01-30 22:00:00,0.0,0.0,2.9064145,66.71977,167.62408,0.010731392,1.2856656
2022-01-30 23:00:00,0.0,0.0,2.6988568,66.70476,166.8588,0.008255591,1.2597973
2022-01-31 00:00:00,0.0,0.0,2.4976456,66.614426,165.29884,0.0062375823,1.2299799
